profile	date	url	caption
tedapter	2020-05-25 14:09:16	https://www.instagram.com/p/CAnRjouBj-y	Vegaaninen kaakao vegaanisella kermavaahdolla! ErittÃ¤in kova! Kiitos @caferegatta! #supportlocal #regatta #tÃ¶Ã¶lÃ¶
tedapter	2020-01-17 17:31:19	https://www.instagram.com/p/B7beIrKBupW	Friday! Round #3. #Ã¶lhuset #makingabetterworldtoday
tedapter	2020-01-17 16:11:47	https://www.instagram.com/p/B7bVCGQBE0D	Uusi tuttavuus. #therockyhorrorpictureshow Stout. SisÃ¤ltÃ¤Ã¤ mm. vaahtokarkkeja ja kookosta. Kivaa viikonloppua!!!
tedapter	2019-10-11 13:55:26	https://www.instagram.com/p/B3evhvuBODL	Jes! Latauksen jÃ¤lkeen #ouraring kÃ¤yttÃ¶Ã¶n. #uusiaika #oura
arjakarhuvaara	2018-09-28 17:48:01	https://www.instagram.com/p/BoR1qd6h_OT	Kanta-Helsingin yrittÃ¤jÃ¤t ja syyskauden avajaiset teatteriravintola NyyrikissÃ¤. Loistava suppilovahverokeitto, peurapaisti ja omena cremebrylee. Uusi ruokapaikka lÃ¶ytyiğŸ˜€. Kunnanjohtaja Reima viimeisteli illan. Testatkaapa.
koulumies	2019-12-06 22:46:51	https://www.instagram.com/p/B5v429FhuLQ	Vau, pukuni on mainittu yhtenÃ¤ kauneimmista muotiluomuksista! Paola Suhonen on kyllÃ¤ aivan omaa luokkaansa suunnittelijana. "Suomalaisten suunnittelijoiden upeimmat luomukset â€“ onko joku nÃ¤istÃ¤ Linnan kaunein? | Iltalehti" https://www.iltalehti.fi/muoti/a/92a2e894-2675-4dc5-851a-93110067f715 #linnanjuhlat2019  #linnanjuhlat  #itsenÃ¤isyyspÃ¤ivÃ¤  #itsenÃ¤isyys  #muoti #ivanahelsinki
koulumies	2019-12-05 08:03:55	https://www.instagram.com/p/B5rvBTxlxtb	Huomenna on Suomen itsenÃ¤isyyspÃ¤ivÃ¤ ja myÃ¶s elÃ¤mÃ¤ni ensimmÃ¤iset linnan juhlat, odotan niitÃ¤ jÃ¤nnittyneenÃ¤. Ihailemani muotisuunnittelija Paola Suhonen on suunnitellut pukuni, nyt se on ripustettu esille odottamaan. Kassiin on kerÃ¤tty mukaan tarvikkeita. Sinne pitÃ¤Ã¤ ottaa mm. kuvallinen henkilÃ¶llisyystodistus, jotta pÃ¤Ã¤see sisÃ¤Ã¤n ulko-ovesta. MyÃ¶s Anssi on hankkinut juhlapuvun valmiiksi, se on vanhan ajan kaksirivinen tumma puku.  #suomi #itsenÃ¤isyys #linnanjuhlat2019  #ivanahelsinki #itsenÃ¤isyyspÃ¤ivÃ¤ #helsinginkokoomus
miangrd	2018-09-02 09:03:23	https://www.instagram.com/p/BnN89LZnK37	#HongKong #HongKongfood #socialplace #socialplacehk w/ #FoodfromFinland @foodfromfinland @laitilankanatarha @taigachocolate @df.kultamuna @ evira #PolarNutrition @polarnutrition
jeepajunen	2020-07-22 09:31:37	https://www.instagram.com/p/CC8H4zKhKr-	Toivoisin ettÃ¤ Suomi saisi enemmÃ¤n Hotelli Punkaharjuja. Sisukas yrittÃ¤jÃ¤ @saimihoyer on laittanut likoon kokemuksensa ja persoonansa antaakseen ainutlaatuiselle kulttuuriperintÃ¶kohteelle uuden elÃ¤mÃ¤n. Tie kohti kannattavuutta on kivinen, mutta hyvÃ¤ maine ja pitkÃ¤jÃ¤nteinen tyÃ¶ kantaa. TÃ¤tÃ¤ elegantimpaa paikkaa saa hakea. Historia, luonto, hyvÃ¤ ruoka ja kansainvÃ¤liset tuulet kohtaavat. #respect #suominousuun #yrittÃ¤jyys #matkailu #hotellipunkaharju #visitfinland
jeepajunen	2020-07-21 11:57:30	https://www.instagram.com/p/CC5zyd9hVgS	Morning sauna ğŸ’¯#sauna #hotellipunkaharju #visitfinland
jeepajunen	2020-07-01 10:53:57	https://www.instagram.com/p/CCGMnevDiPp	New home, new hoods, new kitchen floor â¤ï¸ #kitchentiles #granadadeco  #uusikoti
jeepajunen	2020-03-21 12:27:55	https://www.instagram.com/p/B9_uShThX1D	PÃ¤ivÃ¤kahvit turvavÃ¤lillÃ¤ #supportyourlocal #myhelsinki
mattiparpala	2019-06-25 18:37:45	https://www.instagram.com/p/BzJJ-9gh5KV	Parasta tÃ¤nÃ¤Ã¤n: @heinontukku sekÃ¤ lÃ¤hestyvÃ¤t pellegrino- ja g&t -kelit
jaanapelkonen	2020-08-08 16:19:56	https://www.instagram.com/p/CDooIXwjcJa	Maailmalle ei juuri nyt pÃ¤Ã¤se, eikÃ¤ kannata lÃ¤hteÃ¤, mutta breikin arkeensa saa ja makumatkalle pÃ¤Ã¤see onneksi muillakin tavoin ğŸ¤— Onnea uuden upean paikan johdosta @tomibjorck @minkabjorck @serkorantanen @romberg358 @mikaranin #lilyleerestaurant #lilyleehelsinki #lilylee #modernasianfood #helsinki #lilyleeravintola #makumatka #kyllÃ¤kelpaa #erottaja4 #supportyourlocal @lilyleerestaurant
jaanapelkonen	2020-03-27 12:22:15	https://www.instagram.com/p/B-PKaMljp1o	Hei ihmiset! TÃ¤nÃ¤Ã¤n vietetÃ¤Ã¤n #kotonakotimaista pÃ¤ivÃ¤Ã¤. Kotimaiset pienyrittÃ¤jÃ¤t/yritykset tarvitsevat meitÃ¤ kaikkia nyt enemmÃ¤n kuin koskaan. Ostamalla, kÃ¤yttÃ¤mÃ¤llÃ¤ palveluja, syÃ¶mÃ¤llÃ¤ ja juomalla kotimaista tuemme kullanarvoisia toimijoitamme. Samalla saamme nauttia puhtaista ja laadukkaista tuotteista nyt ja jatkossakin.  MinÃ¤ aloitin jo herkuttelun @patisserieteemuaura porkkanakakulla. ğŸ¤—â¤ @antonanton_ruokakauppa YhdessÃ¤ voimme vaikuttaa! Ei jÃ¤tetÃ¤ yrittÃ¤jiÃ¤mme yksin. @kotona_kotimaista
jaanapelkonen	2019-12-11 15:01:45	https://www.instagram.com/p/B577mwUnxq5	19-vuotiaana kÃ¤Ã¤nsin elÃ¤mÃ¤ssÃ¤ni uuden sivun, kun muutin kotikaupungistani Lahdesta Helsinkiin opiskelemaan. Muutto oli ollut haaveeni, mutta olen vahvasti perhe- ja kotikeskeinen ja pelkÃ¤sin ettÃ¤ menetÃ¤n rakkaimpani, jos lÃ¤hden. Sain kuitenkin kotoa todella paljon tukea ja kannustusta lÃ¤hteÃ¤ toteuttamaan itseÃ¤ni ja unelmiani. Sain voimaa tiedosta, ettÃ¤ kodin ovet ovat aina auki. Tuo turvallinen tieto kantoi uudessa kaupungissa. #uusisivu @kallio.la @anuekdesign #kalliola
jaanapelkonen	2019-09-23 18:19:29	https://www.instagram.com/p/B2w3b6tH3e-	Maamme ravintola- ja baarielaÌˆmaÌˆ on lahjakkaiden ahkerien yrittaÌˆjien ja ammattilaisten ansiosta kokenut viime vuosina kasvupyraÌˆhdyksen, josta ei voi olla muuta kuin erittaÌˆin ylpeaÌˆ! PaÌˆaÌˆsin viime viikolla ensimmaÌˆistaÌˆ kertaa elaÌˆmaÌˆssaÌˆni nauttimaan unohtumattomista herkuista yhteen Helsingin upeimmista paikoista @palacehelsinki hyvaÌˆn ystaÌˆvaÌˆni @laurajuslin mainiossa seurassa. HyvaÌˆ ruoka ja juoma = parempi mieli â¤ï¸ #BollingerLaGrandeAnneÌe2008 @champagne_bollinger #champagnebollinger @eerovottonen Kuva: @photopasi
jaanapelkonen	2019-03-16 09:07:54	https://www.instagram.com/p/BvEEe7GnZmW	TerveisiÃ¤ Lapista! Panimovierailulla. Aina oppii uutta. @lapinpanimo Matkailuala on globaali nopeasti kasvava tulevaisuudenala. Suomen matkailutulo on ollut jo useamman vuoden yli 13 miljardia euroa. Alalla arvioidaan olevan mahdollisuuksia kasvaa jopa 20 miljardiin euroon vuoteen 2025 mennessÃ¤. Matkailuklusterin toivotaan kasvavien verotulojen ohella tyÃ¶llistÃ¤vÃ¤n kymmenen vuoden kuluttua nykyisen 140 000 ihmisen sijaan noin 180 000 henkilÃ¶Ã¤. Kerrannaisvaikutukset kuljetus-, rakennus- ja kaupan alalle ovat merkittÃ¤vÃ¤t. Suomen uniikki luonto, puhtaus, turvallisuus ja nÃ¤htÃ¤vyydet ovat asioita, jotka lÃ¶ytyvÃ¤t vain Suomesta. Matkailussa on valtavasti potentiaalia, mikÃ¤li vain osaamme ja haluamme tÃ¤mÃ¤n hyÃ¶dyntÃ¤Ã¤ @saratuisku @kansallinenkokoomus @helsinginkokoomus #eduskuntavaalit2019 #pienpanimo #hÃ¶lmÃ¶ #vaalit2019
jaanapelkonen	2019-02-24 09:04:28	https://www.instagram.com/p/BuQkMNuHCnC	Toukka lautailee. Tai yrittÃ¤Ã¤.. PienenÃ¤ se nÃ¤kÃ¶jÃ¤Ã¤n nykyÃ¤Ã¤n aloitetaan. #lumilautailu #uusiharrastus #talvi #winterwonderland #Neitibellini @messilalumikeskus
miritasaxberg	2019-04-18 11:21:50	https://www.instagram.com/p/BwZSCrnBoyA	@Kamppi 5. krs. YleensÃ¤ suosikit Hoku ja Pobre, nyt testissÃ¤ Beijing8 ğŸœ  Agenda: Liike Nyt Helsinki -kaupunginvaltuustotyÃ¶n kehittÃ¤minen #LiikeNyt #helvaltuusto
miritasaxberg	2017-11-08 15:16:24	https://www.instagram.com/p/BbPSwhclABM	HelÃ¶y! @herbalisti on mun #nuorennusleikkaus #bff #tubettaja #oldiesbutgoldies #juontaja #miritasaxberg #meidÃ¤nstadi #helsinki
miritasaxberg	2017-11-08 11:12:56	https://www.instagram.com/p/BbO2oRiFJmQ	#pulledoats #onlyinfinland #soonabroad #tacobellsuomi #helsinki
miritasaxberg	2017-11-08 09:35:38	https://www.instagram.com/p/BbOrmBpF22i	ElÃ¤ enemmÃ¤n! EnsimmÃ¤isten kÃ¤rjessÃ¤ - ei Ruotsi, ei Norja, vaan #tacobellsuomi! Houstaan #tacobellpreparty tÃ¤nÃ¤Ã¤n stadis. Makuja & live-musaa!
fatimwdiarra	2020-08-19 12:15:59	https://www.instagram.com/p/CEEg9KLhI7H	Paras tapa liikkua kaupungissa â€“ sÃ¤hkÃ¶pyÃ¶rÃ¤ Kokeilin toukokuussa kaverini Mimmon sÃ¤hkÃ¶pyÃ¶rÃ¤Ã¤ ja parin sadan metrin jÃ¤lkeen tajusin, ettÃ¤ sÃ¤hkÃ¶pyÃ¶rÃ¤ on ihana tapa liikkua. Katsoin Helkaman somen lÃ¤pi ja huomasin, ettÃ¤ niiden palvelulupaus on liikunnan iloa kaiken kokoisille, mutta niiden instassa ei juurikaan nÃ¤y lihavia ihmisiÃ¤. Joten reippaana muijana laitoimme tuumasta toimeen. Laittettin Jarin kanssa Helkamalle mailia ja kerrottin, ettÃ¤ jos he antavat minulle kÃ¤yttÃ¶Ã¶n pyÃ¶rÃ¤n niin ajan sillÃ¤ kesÃ¤n ja kokeilen lisÃ¤Ã¤kÃ¶ se mun liikkumista ja kertoa maailmalle mitÃ¤ mieltÃ¤ sÃ¤hkÃ¶pyÃ¶ristÃ¤ olen. KesÃ¤ on ohi ja seuraavaa on tapahtunut. MinÃ¤ rakastan sÃ¤hkÃ¶pyÃ¶rÃ¤ilyÃ¤. Se on sÃ¤hkÃ¶pyÃ¶rÃ¤n hommaaminen on elÃ¤mÃ¤ni toisiksi paras pÃ¤Ã¤tÃ¶s (paras oli kosia Jaria). Olen ajanut joka viikko noin 100 kilmometriÃ¤, kun viime kesÃ¤nÃ¤ en ajanut metriÃ¤kÃ¤Ã¤n. En muuten edes kaupunkipyÃ¶rÃ¤llÃ¤ (edellisenÃ¤ kesÃ¤nÃ¤ kyllÃ¤ ajoin). PyÃ¶rÃ¤ily on ollut hakalaa ja hikistÃ¤ hommaa. YlÃ¤mÃ¤et on pitÃ¤nyt taluttaa ja on pelottanut alamÃ¤issÃ¤ kun alla oleva pyÃ¶rÃ¤ on tuntunut ketkulalta vehkeeltÃ¤. SÃ¤hkÃ¶pyÃ¶rÃ¤ on niin jÃ¤mÃ¤kkÃ¤ ja vahvarakenteinen vehje, ettÃ¤ ei pelota ja mÃ¤ jaksan polkea sillÃ¤ kaikki matkat. Sitten se ajatus siitÃ¤ onko se kuin mopo, no ei ole. SÃ¤hkÃ¶pyÃ¶rÃ¤llÃ¤ sun tarttee polkea, mutta moottori avustaa. Se johtaa siihen, ettÃ¤ sulla on syke vÃ¤hÃ¤n koholla ja ajaminen vastaa kevyttÃ¤ hÃ¶lkkÃ¤Ã¤. MÃ¤ oon huomannut miten mun peruskunto nousee viikko viikolta. EntÃ¤s uskaltaako sen jÃ¤ttÃ¤Ã¤ keskustaan. MÃ¤ uskallan. Mulla on kotivakuutus, jonka piiriin pyÃ¶rÃ¤ mahtuu. Tuo ihana pyÃ¶rÃ¤ on kÃ¤yttÃ¶esine ja jos sitÃ¤ ei uskalla kÃ¤yttÃ¤Ã¤ mitÃ¤ jÃ¤rkeÃ¤ sellainen on olla. Irrotan aina akun sekÃ¤ tietokoneen ja sit laitan sen rungosta kiinni. Parasta on kuitenkin se, ettÃ¤ sÃ¤hkÃ¶pyÃ¶rÃ¤ on nopea. Mun tyÃ¶matka on kaikista nopein ajaa sÃ¤hkÃ¶pyÃ¶rÃ¤llÃ¤. Ei bussilla, ei ratikalla, ei autolla vaan tolla ihanalla vekottimella. Allekirjoitan tÃ¤n jutun tekstin siitÃ¤, ettÃ¤ sÃ¤hkÃ¶pyÃ¶rillÃ¤ on vÃ¤Ã¤rÃ¤ imago. Mun kokemus todistaa sen, ettÃ¤ sÃ¤hkÃ¶pyÃ¶rÃ¤ on tÃ¤ydellinen ihan tavalliselle tyypille. TÃ¤mÃ¤ ei ole spandex-ihmisen vekotin vaan ihan normi tyypin. @helkamabicycles #kaupallinenyhteistyÃ¶ #sÃ¤hkÃ¶pyÃ¶rÃ¤ily
fatimwdiarra	2020-07-08 07:41:18	https://www.instagram.com/p/CCX4Ijbj7mz	LaÌˆhimatkailu jatkuu, hyvin pystyy pitaÌˆaÌˆn turvavaÌˆlit @eckero_line . Seuraavana Tallinna ja sitten Riika!
fatimwdiarra	2020-05-31 15:45:04	https://www.instagram.com/p/CA25SkYjlJD	Helsinki, kesÃ¤, polkupyÃ¶rÃ¤t, ystÃ¤vÃ¤t, omenapuu, siideri. MitÃ¤Ã¤n en vaihtaisi. @helkamabicycles
fatimwdiarra	2020-04-23 16:14:42	https://www.instagram.com/p/B_VGeXTDio0	YstÃ¤vÃ¤n kanssa pussikaljalla, turvavÃ¤leillÃ¤ tietenkin. @olarinpanimo sta voi kÃ¤ydÃ¤ ostamassa bisseÃ¤ mukaan :) #supportyourlocal #supportsmallbusiness #beer
fatimwdiarra	2020-04-18 16:17:50	https://www.instagram.com/p/B_IO26sh3GH	Ihana tapa vielÃ¤ iltaa KORONA-aikana! Rakas ystÃ¤vÃ¤ni Mimmo kutsui mut @glitternisti bileisiin. Kotiin tuotiin pussi glittereitÃ¤ ja pensseli. Sitten klo:18.00 saimme teamsin kautta opastuksen glittermeikin tekoon. Nyt sit jatkuu upea ilta skumpan, glitterin ja ihanien ystÃ¤vien kanssa. TÃ¤llÃ¤isen illan voi tilata GlitternistiltÃ¤! Suosittelen!  Vaikka mitÃ¤ yritin niin selvÃ¤Ã¤ on, ettÃ¤ mÃ¤ oon 1980-luvun kukkanen ğŸ¤ª
fatimwdiarra	2020-03-28 13:47:45	https://www.instagram.com/p/B-R4_SohY0R	MikÃ¤ on teidÃ¤n #coronalooks ? Mulla on price paita, @kasurinenriina lahjana saadut housut, @uhanadesign villatakki ja Ã¤itin tekemÃ¤t villasukat!
hamidjasmin	2020-08-13 08:06:03	https://www.instagram.com/p/CD0nlX_Dje6	Kaupallinen yhteistyÃ¶: @sak_ffc âœ¨ Olen ollut ammattiliiton jÃ¤sen jo opiskeluajoista alkaen. TyÃ¶urani on nykyajalle tyypillinen; pÃ¤tkÃ¤tÃ¶itÃ¤, epÃ¤varmuutta, tyÃ¶ttÃ¶myysjaksoja ja loputonta vÃ¤Ã¤ntÃ¶Ã¤ tyÃ¶sopimuksista. NÃ¤issÃ¤ tilanteissa omasta ammattiliitostani on ollut korvaamaton apu.  âœ¨  Nyt perhevapaiden taas lÃ¤hestyessÃ¤ mietityttÃ¤Ã¤ erityisesti nuorten naisten asema tyÃ¶markkinoilla. LÃ¤heinen ystÃ¤vÃ¤ni yritettiin (laittomasti) vaihtaa halvempaan Ã¤itiyslomasijaiseen hÃ¤nen tÃ¶ihinpaluunsa yhteidessÃ¤. Vasta ammattiliiton lakimiehen vÃ¤liintulo ratkaisi tilanteen tyÃ¶ntekijÃ¤n eduksi. âœ¨  On helppo kuvitella, ettÃ¤ ammattiliitot tai etujÃ¤rjestÃ¶t ovat turhia, jos ei itse niistÃ¤ koe hyÃ¶tyvÃ¤nsÃ¤. Mutta parhaimmillaan ne ovatkin huomaamattomia! Ammattiliitot mahdollistavat sen, ettÃ¤ tyÃ¶ntekijÃ¤t voivat olla neuvotteluissa yhtenÃ¤ rintamana, eikÃ¤ yksittÃ¤isen tyÃ¶ntekijÃ¤n tarvitse taistella tyÃ¶ehtojensa, minimipalkkansa ja oikeuksiensa puolesta. Siksi minulle on aina ollut itsestÃ¤Ã¤nselvyys kuulua liittoon ja tyÃ¶ttÃ¶myyskassaan. Vain kassan jÃ¤senenÃ¤ olet oikeutettu ansiosidonnaiseen tyÃ¶ttÃ¶myysturvaan. P.S. JÃ¤senmaksun voi vÃ¤hentÃ¤Ã¤ verotuksessa. #varmanpÃ¤Ã¤lle #liityliittoon
hamidjasmin	2020-07-18 14:59:12	https://www.instagram.com/p/CCyaMlxD-uU	Kaupallinen yhteistyoÌˆ: @clasohlsonsuomi ğŸ’¦ LaÌˆhilomaan ei paljoa tarvitse! JaÌˆrvi, uimapatja, hyvaÌˆaÌˆ seuraa ja kylmaÌˆlaukku taÌˆynnaÌˆ herkkuja. â˜ºï¸ğŸ‘ŒğŸ¼ Tehtiin moÌˆkkinaapureiden kanssa veneretki laÌˆhisaareen ja kesaÌˆ antaa parastaan! â˜€ï¸ Clas Ohlsonilta loÌˆytyy loistavia piknik-tarpeita kuten maatuvia kertakaÌˆyttoÌˆastioita, maÌˆtsaÌˆaÌˆvaÌˆt kylmaÌˆlaukku ja viltti, sekaÌˆ JBL:n Flip5 -kajari uskomattomalla 12h akunkestolla. ğŸ‘ŒğŸ¼#clasohlsonsuomi #laÌˆhiloma #tekeekodistaparemman
hamidjasmin	2020-07-12 15:50:22	https://www.instagram.com/p/CCjDSKADZLe	Kaupallinen yhteistyÃ¶: @clasohlsonsuomi ğŸŒ¿ Lomatunnelmaan pÃ¤Ã¤see helposti myÃ¶s kotosuomessa. PÃ¤ivitettiin mÃ¶kkisaunan ilmettÃ¤ pellavasta ja puuvillasta valmistetuin hillitynsÃ¤vyisin laudeliinoin. Kaltaistani kaupunkilaista lÃ¤mmittÃ¤Ã¤ myÃ¶s, ettÃ¤ saunavihdan voi kÃ¤ydÃ¤ hakemassa Clas Ohlsonilta ympÃ¤ri vuoden! #clasohlsonsuomi #lÃ¤hiloma #tekeekodistaparemman #sauna
hamidjasmin	2020-06-29 16:55:07	https://www.instagram.com/p/CCBsXAXD6QV	Kaupallinen yhteistyÃ¶: @arlasuomi âœ¨ Oma tasapainoni muodostuu lopulta aika yksinkertaisista asioista, kuten unesta, laiskottelusta ja riittÃ¤vÃ¤stÃ¤ itsekkyydestÃ¤. Listasin blogiini viisi vinkkiÃ¤ni lapsiperhearjen tasapainottamiseen ğŸ’— Got Guts? -jogurtti sisÃ¤ltÃ¤Ã¤ 50 miljardia bifidobakteeria ja kuitua - ja keskittyy sisÃ¤iseen hyvinvointiin. â˜ºï¸ Tuotteet eivÃ¤t sisÃ¤llÃ¤ lisÃ¤ttyÃ¤ sokeria tai keinotekoisia makeutusaineita. â™»ï¸ PirteÃ¤n turkoosit, kartonkikiertykseen lajiteltavat purkit on helppo bongata kaupan kylmÃ¤kaapista. #gotguts #arlasuomi
hamidjasmin	2020-06-12 17:27:11	https://www.instagram.com/p/CBV-hBxDA15	Kaupallinen yhteistyoÌˆ: Salakis turkkilainen ğŸŒ¿ Olen simppeli kokkaaja ja rakastan puhtaita makuja. Varsinkin kesaÌˆllaÌˆ kun kaikki on tuoretta, ei tarvitse kikkailla liikaa. Lohta, uusia perunoita ja kylmaÌˆ jogurttikastike - taÌˆydellistaÌˆ! â˜ºï¸ Salakiksen turkkilainen jogurtti on taÌˆytelaÌˆistaÌˆ, mutta kuitenkin raikasta. MoÌˆkkireissuille se on loistava tuote, sillaÌˆ iso poÌˆnikkaÌˆ kestaÌˆaÌˆ pitkaÌˆaÌˆn ja sama tuote kaÌˆy niin kastikkeena, marjapiirakan taÌˆytteenaÌˆ kuin aamupalajuguna. Kun purkki on tyhjaÌˆ, on se taÌˆydellinen mustikkametsaÌˆaÌˆn (kuva stooreissa). ğŸŒ² TaÌˆllaÌˆ kertaa laitoin kalan kastikkeeseen jugun lisÃ¤ksi sitruunaa, pippuria, suolaa ja tilliaÌˆ. MyoÌˆs ruohosipuli olisi taÌˆhaÌˆn taÌˆydellinen! Yksinkertaista ja herkullista â˜ºï¸ğŸ‘ŒğŸ¼#turkkilainenjogurtti #kaupallinenyhteistyoÌˆ
hamidjasmin	2020-05-25 17:36:36	https://www.instagram.com/p/CAnpSQqDzVu	Kaupallinen yhteistyoÌˆ: @freska.fi ğŸŒ¸ MeillaÌˆ on taÌˆnaÌˆaÌˆn kaÌˆynyt siivooja ğŸ™ğŸ¼ I-HA-NAA! Olin Freskan asiakas jo ennen yhteistyoÌˆtaÌˆ, enkaÌˆ voi kuin kehua. On ihanaa tulla puhtaaseen kotiin â˜ºï¸ Tosin taÌˆllaÌˆ kertaa mokattiin ja paistettiin iltapalaksi lettuja - se siitaÌˆ vastasiivotun kodin raikkaudesta!ğŸ˜„ Koodilla JASMINHAMID saat 25â‚¬ alennusta ekasta siivouksestasi #freska #eloisatmedia
hamidjasmin	2020-05-20 17:38:07	https://www.instagram.com/p/CAaxe83jri5	Kaupallinen yhteistyÃ¶ @rawmixblenders ğŸŒ± TÃ¤Ã¤llÃ¤ on pari viikkoa testailtu RawmixiÃ¤, ja innostuttu kokkailusta ihan uudella tavalla! â˜ºï¸ TÃ¤nÃ¤Ã¤n pyÃ¶rÃ¤ytettiin itse pestoa ja vaikka pinjansiemeniÃ¤ ei lÃ¶ytynytkÃ¤Ã¤n, menivÃ¤t cashewpÃ¤hkinÃ¤t hetkessÃ¤ murskaksi kolmen hevosvoiman avulla. ğŸ‘ŒğŸ¼ Laitearvostelu nyt blogissa ja siellÃ¤ myÃ¶s â€hassunhauskaâ€ tarina siitÃ¤, missÃ¤ muussa tapuksessa ne kolme hevosvoimaa eivÃ¤t todellakaan ole tarpeeksi! ğŸ˜¬ Koodilla #hyvapaivanvaralle saat 5% alennusta Rawmix-blenderistÃ¤. #rawmix #rawmixblenders ğŸ‘‰ğŸ¼ hyvanpaivanvaralle.fi
hamidjasmin	2020-05-14 17:43:39	https://www.instagram.com/p/CALVWLQDmtz	Kaupallinen yhteistyoÌˆ @efvaattlingofficial âœ¨ KaÌˆytaÌˆn aika vaÌˆhaÌˆn koruja mutta naÌˆmaÌˆ ajattomat Efva Attlingin hopeakorut sopivat mulle taÌˆydellisesti. Ne kestaÌˆvaÌˆt aikaa ja ovat ihanan yksinkertaisia. TaÌˆmaÌˆn korumallin nimi on Love Knot ğŸ’— Koodilla JASMIN20 saat 20 prosentin alennuksen hopeakoruista (poislukien ne, jotka on merkitty "for a good cause"). Linkki biossa ja stooreissa ğŸŒ¸ #efvaattling ğŸŒ¸https://bit.ly/2xBawsy
hamidjasmin	2020-05-09 17:53:03	https://www.instagram.com/p/B_-eco3jjUZ	Kaupallinen yhteistyoÌˆ @rawmixblenders ğŸ“ TaÌˆnaÌˆaÌˆn on herkuteltu terveellisesti ja tyhjennetty pakastinta viime kesaÌˆn marjoista. Kohmeiset marjat, jugu ja bansku ovat taÌˆydellinen trio! ğŸŒ Olispa mulla ollut taÌˆmaÌˆ apparaatti jo raskauden alussa. Pahoinvoinnin kourissa jaÌˆiset juomat ovat parasta mitaÌˆ on! Ja Raw Mixin kolmen hevosvoiman moottori jaksaa jauhaa niin jaÌˆaÌˆt kuin paÌˆhkinaÌˆt hetkessaÌˆ! ğŸ #rawmix #rawmixblenders
hamidjasmin	2020-02-20 14:12:11	https://www.instagram.com/p/B8ypwC1hDNe	MeillÃ¤ kÃ¤y siivooja joka toinen viikko ja Freskan innoittamana hÃ¶pÃ¶ttelee vÃ¤hÃ¤n kotitalousvÃ¤hennyksessÃ¤. TiesithÃ¤n, ettÃ¤ sen avulla voit sÃ¤Ã¤stÃ¤Ã¤ jopa  2 250 â‚¬ vuodessa.  Freskalta lÃ¶ytyy kotitalousvÃ¤hennys-sivu, jossa voi laskea vÃ¤hennyksen mÃ¤Ã¤rÃ¤n ja sen, paljonko sÃ¤Ã¤styy aikaa luudan varresta vuosittain. #freska @freska.fi @eloisatmedia
attehoo	2020-05-14 14:52:20	https://www.instagram.com/p/CALBvbzFIie	ninjalinja. (tÃ¤llÃ¤ kertaa naamari on @herrainpukimo'n kÃ¤sialaa)
attehoo	2020-01-10 19:52:05	https://www.instagram.com/p/B7JsriABKVy	Vahva suositus tÃ¤llaselle vÃ¤hÃ¤n pidemmÃ¤lle neljÃ¤n pÃ¤ivÃ¤n etÃ¤tyÃ¶-/kulttuuri-/ruoka-/kylpy-/sportti-/chillausreissulle Tallinnaan ğŸ‡ªğŸ‡ª Aukkoja sivistyksessÃ¤ paikattu mm. Fotografiskan, Lennu Sadamin ja Kumun verran, ja superia safkaa lÃ¶ytyi mm. Parrot Minibarista, LeibistÃ¤, Kajasta ja Hakusta.
emmakkari	2019-12-06 21:56:01	https://www.instagram.com/p/B5vzCmQBMF9	MikÃ¤ ilta. MikÃ¤ pÃ¤ivÃ¤. MikÃ¤ viikko. ğŸ’šğŸ‡«ğŸ‡® TÃ¤mÃ¤ mennyt viikko on ollut niin raskas, etten ole ehtinyt laittamaan teille juhliin valmistautumiskuvia. Sellaista kun ei ole tehty. ğŸ’šğŸ‡«ğŸ‡® Samalla, kun olemme venyneet Ã¤Ã¤rimmillemme puolustaessamme niitÃ¤ asioita, joita me pidÃ¤mme tÃ¤rkeinÃ¤, minulla on kirkastunut se, kuinka etuoikeutettu olen. ğŸ’šğŸ‡«ğŸ‡® Saan asu tÃ¤ssÃ¤ kauniissa maassa ja puolustaa ihmisoikeuksia uskomattomien ihmisten kanssa. VÃ¤symyksen keskeltÃ¤kin olen sanattoman kiitollinen kaikesta tÃ¤stÃ¤. ğŸ’šğŸ‡«ğŸ‡® MeillÃ¤ on jotain, mitÃ¤ puolustaa. SiitÃ¤ on syytÃ¤ olla ylpeÃ¤. Ja tÃ¤nÃ¤Ã¤n me juhlimme sitÃ¤ ystÃ¤vien kanssa. #linnanjuhlat #linnanjuhlat2019 #itsenÃ¤isyyspÃ¤ivÃ¤ (Asu: @annemaripahkala, meikki & hiukset: @katipuustinen, korut: @loviacollection.)
emmakkari	2019-05-27 11:24:35	https://www.instagram.com/p/Bx9tW9ShR_N	Auta ystÃ¤vÃ¤! PitkÃ¤Ã¤n hyvin palvelleet Hai-saappaat antoivat eilen torilla kaikkensa ja siirtyivÃ¤t yÃ¶llÃ¤ onnellisina ajasta iÃ¤isyyteen. ğŸ’š Uusi vaihe alkaa. Kannattaako mun sun mielestÃ¤ kulkea siinÃ¤ omenanvihreissÃ¤ (1), metsÃ¤nvihreissÃ¤ (2) vai merenvihreissÃ¤ (3) saappaissa?
okivekas	2019-12-07 09:57:41	https://www.instagram.com/p/B5xFoUEhl5H	Olen aina ollut tiukka demokratian kannattaja. Tasavallan, jos valtiomuotoina ajatellaan. Uskon tasa-arvoon ja ihmisten vÃ¤lisiin suhteisiin joita ei kahlita hierarkioihin.  Kuitenkin, jokin vallan ja loiston estetiikassa, monarkian ulkoisissa merkeissÃ¤ ihmisiin vetoaa. ItsestÃ¤nikin tÃ¤mÃ¤n vÃ¤hÃ¤n yllÃ¤ttÃ¤en pystyn lÃ¶ytÃ¤mÃ¤Ã¤n.  Siksi on hyvÃ¤, ettÃ¤ 100-vuotias presidentti-instituutio on meillÃ¤ rakennettu antamaan vÃ¤ylÃ¤n ihmisten monarkiankaipuulle tasavallan puitteissa.  Ja pakko myÃ¶ntÃ¤Ã¤, ettÃ¤ oli todella hauskaa miettiÃ¤ rakkaan @anna.kivekas kanssa yhteensopivia pukuja, selvitellÃ¤ kÃ¤ttelyn oikeaa protokollaa ja kÃ¤vellÃ¤ punaista mattoa itsenÃ¤isen Suomen nÃ¤yttÃ¤vimpÃ¤Ã¤n juhlaan, upeiden pukujen ja kattokruunujen loistoon.  Mun frakki on vanha 40-luvun frakki, jota @kinnunem on hiukan tuunannut nykypÃ¤ivÃ¤Ã¤n (sellaiseksi kuin juhlapuvut saisivat olla). Annan upea mekko on @hoochiemamajane lÃ¶ytÃ¤mÃ¤ vintagepuku 60-luvulta. Molemmissa kultakirjailut juhlan kunniaksi.  NÃ¤illÃ¤ puhein, hyvÃ¤Ã¤ itsenÃ¤isyyspÃ¤ivÃ¤Ã¤ kaikille nÃ¤in hiukan jÃ¤lkikÃ¤teen!
mariaohisalo	2020-07-29 20:53:28	https://www.instagram.com/p/CDPXe7qB9qZ	Ilta ravintolassa - kesÃ¤stadi tarjoilee mahtavia makuja. Voimme pitÃ¤Ã¤ yhteiskuntaa auki, kun muistamme turvavÃ¤lit, kÃ¤sidesit ja ettÃ¤ flunssaoireisena mennÃ¤Ã¤n #korona-testiin ja kipeÃ¤nÃ¤ pysytÃ¤Ã¤n kotona jne. #kesÃ¤stadi #Vallila #BonaFideHki
satusilvo	2019-09-07 06:01:23	https://www.instagram.com/p/B2GWP9bhAZw	@nikinewd - Suomessa tehdÃ¤Ã¤n  maailman parasta @tuorekosmetiikkaa Olen aikoinaan hoitanut terveyttÃ¤ni kuntoon @elÃ¤vÃ¤llÃ¤ravinnolla - @raakaravinnolla @tuoreruoalla nyt olen ihan koukussa @OatMealSoap- kaurasaippuaan - mikÃ¤Ã¤n muu ei pese/hoida  @rosacea ihoani pehmeÃ¤mmin Kiitos Niki Newd ğŸ’š
villejalovaara	2020-05-22 09:30:28	https://www.instagram.com/p/CAfDRDiDUpQ	Olipa maukas take away lounas! Suosittelen!
villejalovaara	2020-04-25 12:07:57	https://www.instagram.com/p/B_Zz06gDt9d	Poikkesin ohikulkiessa #Alppila perinteikkÃ¤Ã¤n kenkÃ¤kaupan pelastustalkoisiin ja lÃ¶ysin hyvÃ¤n parin edulliseen hintaan. YstÃ¤vÃ¤llinen palvelu! Suosittelen!
johannalaisaari	2020-05-24 12:39:07	https://www.instagram.com/p/CAkicezBVWg	TÃ¤mÃ¤n kevÃ¤Ã¤n ihanin â€teeuutuusâ€ on lÃ¶ytynyt, Green Bellini Demmers Teehausilta. Aivan huumaava tuoksu ja kevyt viehkeÃ¤ maku. Suosittelen.â™¥ï¸#tealovers #greenbellini #demmersteehaus #kevÃ¤t #spring
johannalaisaari	2020-05-06 19:25:28	https://www.instagram.com/p/B_26o7RDNrL	VaaleanpunasÃ¤vyinen juoru viihtyy ikkunalaudalla loistavasti. Ostettu oman kylÃ¤n liikkeestÃ¤, suosittelen. @dina_putiikki ğŸŒ¸ #juoru #kukka #kevÃ¤t #putiikki #kylÃ¤kauppa #kaunistalÃ¤heltÃ¤
johannalaisaari	2020-01-21 18:25:47	https://www.instagram.com/p/B7l3jFDBKf1	LÃ¶ytÃ¤jÃ¤ @olkkarishop ista. Suosittelen. Laadukasta ja kaunista. #arkeajajuhlaa #mulberry #vintage #secondhand
johannalaisaari	2019-11-07 18:16:05	https://www.instagram.com/p/B4ku0auB2m8	#pikkuhukka aivan ihanaa sellerikeittoa! Suosittelen. #lehtikaalia #selleriÃ¤ #sellerikeitto #herttoniemi #helsinki
pilvitorsti	2020-04-12 06:33:15	https://www.instagram.com/p/B-3vMFND_1V	HyvÃ¤Ã¤ pÃ¤Ã¤siÃ¤isen jatkoa ihmiset, voikaa hyvin & pyytÃ¤kÃ¤Ã¤ apua, jos sille tarvettaâ¤ï¸ğŸ’› MeidÃ¤n kuvissa: -A halusi pÃ¤Ã¤stÃ¤ #kaikkikotonalive-ohjelman kuvaseinÃ¤lle, joten lÃ¤hetimme sinne virallisen pÃ¤Ã¤siÃ¤iskuvan. Jos joku on nÃ¤hnyt sen perjantaina telkkarissa niin kertokaa! -â€Ja me lÃ¶ydÃ¤mme Uudenmaanâ€ -retket Samulin korona-ajan ihana erikoisuus. Eilen ToSi-eristysretki nro 4, kohteena EmÃ¤salo ja siellÃ¤  all I love -tunnelma: meri, kalliot ja rakkaat. -maalaamani hymiÃ¶muna on ehkÃ¤ hienoin, mitÃ¤ koskaan olen maalannut. En myÃ¶skÃ¤Ã¤n ennen tÃ¤tÃ¤ kotipÃ¤Ã¤siÃ¤istÃ¤ tiennyt, ettÃ¤ munien puhaltaminen tyhjÃ¤ksi on suht helppoa -#supportyourlocal pyÃ¶rii monessa pikkuravintolassa pÃ¤Ã¤siÃ¤isen yli. Kaikki, joille se on mahdollista tuetaan nÃ¤itÃ¤ yrittÃ¤jiÃ¤. Esimerkiksi meidÃ¤n korttelin BAR TEOS tuo tapakset iltaisin kotiovelle. Kun ne jaksaa siirrellÃ¤ ja asetella lautaselle, saa upean koti-illallisen.
pilvitorsti	2020-02-22 12:03:49	https://www.instagram.com/p/B83lRgFB8XF	Kuvan perhe jÃ¤tti harmaan Helsingin ja lÃ¤hti hiihtolomalle Vantaalleâ¤ï¸ğŸ’› Kuvassa ilmailumuseo, nyt viihdekeskus ja kylpylÃ¤ Flamingo. Huomenna Heureka ja Backaksen kartano. Stoorissa lisÃ¤Ã¤! @ravintolabackas @heurekafi @ilmailumuseo @flamingospavantaa @sokoshotelflamingo @vantaankaupunki #ToSil-loma
paavoarhinmaki	2020-04-03 12:50:17	https://www.instagram.com/p/B-hPLuSB8LD	Koronaepidemian takia moni suomalainen yrittÃ¤jÃ¤ ja pieni yritys on pulassa. Olen siksi mm. yrittÃ¤nyt hakea take away -ruokia ja -soijalatteja.  Olen myÃ¶s surffaillut suomalaisten yritysten sivuilla, josko olisi sellaisia tuotteita joita tarvitsen.  Vaikka vaatteita valmistetaan entistÃ¤ vÃ¤hemmÃ¤n Suomessa, on kotimainen suunnittelu jo tukemisen arvoista.  Kun ostaa suomalaisen yrityksen tuotteen, sen arvosta jopa noin 80% jÃ¤Ã¤ Suomeen, vaikka itse tuote olisi valmistettu muualla.  Olen pidempÃ¤Ã¤n tarvinnut yhtÃ¤ pikku takkia lisÃ¤Ã¤. TÃ¤nÃ¤Ã¤n kÃ¤vin hakemassa sellaisen mallin, joka on itse asiassa neule, mutta toimii myÃ¶s rennompana pikku takkina.  Katsoin netistÃ¤ mallin valmiiksi ja sovimme muuten suljettuun liikkeeseen ajan, jolloin voin tulla sovittamaan.  Minusta varsin tyylikÃ¤s. Suunniteltu EtelÃ¤-HelsingissÃ¤, valmistettu Baltiassa.  #korona #kotimainendesign #Frenn #Helsinki
vesakorkkula	2020-05-20 11:55:56	https://www.instagram.com/p/CAaKUr2hDqw	Etsimme uutta kumppania ja kotiaâ¤ï¸! Olisiko sinusta siihen? PÃ¤Ã¤tin kyhÃ¤illÃ¤ compliitteja omista vanhoista varaosista ja 5 kokonaista sain koottua. NÃ¤mÃ¤ lÃ¤htee nyt ilmaiseksi jakoon kelle tahansa joka haluaa aloittaa skeittauksen tai kokeilla sitÃ¤ uudelleen. Laittakaa viestiÃ¤ niin sovitaan skeittien toimittamisesta.  Kiitos @mfthelsinki ja @ponkestheshop ruuveista! Yhteen noista @jaffa26 lahjoitti renkaat ja laakerit â¤ï¸.
petra.malin	2020-04-07 09:06:16	https://www.instagram.com/p/B-rIuYIDhBh	#supportyourlocal #helsinkidistillingcompany
petra.malin	2020-02-25 15:14:12	https://www.instagram.com/p/B8_pcf1Baqe	Uusi tukka @toolonponi
petra.malin	2019-11-01 10:30:16	https://www.instagram.com/p/B4UcvaFhQMB	Iih, mitkÃ¤ kiharat! Kiitos @toolonponi â¤ï¸
petra.malin	2019-10-29 13:38:09	https://www.instagram.com/p/B4ND21khIgW	A bagel and a jack o'lantern @brooklyncafeandbakery
suldaansaid	2020-06-08 05:32:09	https://www.instagram.com/p/CBKZgcHjtyI	Good morning. MikaÌˆaÌˆn ei oo parempaa kuin kunnon aamukahvit âœŠğŸ¾. Nyt keittioÌˆssaÌˆ â€kahvinurkkaâ€ğŸ¤ğŸ–¤â˜•ï¸ @wilfasuomi #aamukahvi #morningcoffee #wilfasuomi
suldaansaid	2020-05-26 06:25:21	https://www.instagram.com/p/CApBQwnAe9b	Morning routine ğŸ’ªğŸ¾â˜€ï¸ #morningroutine #gingershot #vitaminc #wilfasuomi @wilfasuomi
suldaansaid	2019-10-13 13:44:37	https://www.instagram.com/p/B3j34L-BJnh	Olipa taas hyvÃ¤ hieronta ğŸ’†ğŸ½â€â™‚ï¸ğŸ’ªğŸ¾ğŸ™ğŸ¾ğŸ’™ kiitos @itsruubert @salonnreza . Vahva suositus. ğŸ‘ŒğŸ¾ #hieronta #massage #myhelsinki
joelharkimo	2020-06-19 07:56:04	https://www.instagram.com/p/CBm-uKVhRcF	Kaupallinen yhteistyÃ¶ @ebookers.fi  Kalamies on kalamies. PÃ¤Ã¤sisipÃ¤ taas kunnon kalareissuun. Onneksi meillÃ¤ Suomessa on siihen ihan mahtavat mahdollisuudet. Nyt kotimaanmatkailua kannattaisi harrastaa tÃ¤mÃ¤ kesÃ¤. MÃ¤ aijon ainakin yhden kalareissun tehdÃ¤ tÃ¤nÃ¤ kesÃ¤nÃ¤! Halusin osallistua @ebookers.fi kesÃ¤ haasteeseen jossa kannustetaan Suomalaisia kotimaan matkailuun. Haasteeseen piti valita yksi vanha reissukuva ja luoda se uudestaan. TÃ¤ssÃ¤ mun lopputulos on. LisÃ¤Ã¤ sÃ¤kin! koska kaikkean haasteeseen osallistuneiden kesken @ebookers.fi arpoo kaksi 500â‚¬ lahjakorttia viikottain heidÃ¤n somekanavissa sekÃ¤ facebookissa ettÃ¤ instagramissa. Arvonnat tehdÃ¤Ã¤n 15.6-12.7.  #ebookers #vacationimitation ps. tÃ¤mÃ¤ on @jannihussi kylpytakki koska mun oma on kadonnut johonkin ğŸ˜‚
joelharkimo	2020-05-13 12:40:27	https://www.instagram.com/p/CAIN2mOlZIo	Koti officea on nyt pidellyt yli pari kuukautta. MÃ¤ en enÃ¤Ã¤ edes muista minkÃ¤laista oli mennÃ¤ joka pÃ¤ivÃ¤ toimistolle. Onneks kesÃ¤ tulee kohta ja toivottavasti tÃ¤Ã¤ on kohta nujerrettu! Kun se on taas turvallista niin pidÃ¤n joka ikisen palaverin face to face. Halaan joka kerta kun nÃ¤Ã¤n jokun tutun. Suomalainen perheyritys @rcollectionfinland on tehnyt super mukavat hima tyÃ¶vaatteet.  #remotework #remotewear
joelharkimo	2020-05-07 13:30:23	https://www.instagram.com/p/B_42zJlDG-B	Jess! TÃ¤nÃ¤Ã¤n pÃ¤Ã¤see edes vÃ¤hÃ¤n ulos kun meillÃ¤ on @liikenyt "ylÃ¤femmat" mihin jengi saa tulla kuuntelemaan miten liikkeellÃ¤ menee (toki se tehdÃ¤Ã¤n etÃ¤nÃ¤ mutta meen toimistolle tekemÃ¤Ã¤n sen). Ps. MÃ¤ rakastan tÃ¤tÃ¤ uutta @oneplussuomi puhelinta.
joelharkimo	2020-04-17 14:59:15	https://www.instagram.com/p/B_FhEjcDP2I	Kaupallinen yhteistyÃ¶: @fazerjyvashyva . .  Karanteenissa voi myÃ¶s mennÃ¤ ihan mihin haluu kunhan kÃ¤yttÃ¤Ã¤ vÃ¤hÃ¤n mielikuvitusta! Fazerin JyvÃ¤shyvÃ¤ Herkkukeksi on aina kuulunut mun kesÃ¤Ã¤n. Muistan pikkupoikana hyvin miten kesÃ¤sin hypÃ¤ttiin meidÃ¤n pikkubÃ¥tskiin ja lÃ¤hettiin lÃ¤hisaaristokaupalle ostamaan herkkuja. JyvÃ¤shyvÃ¤n keksit oli aina osa tÃ¤tÃ¤. Ne on vielÃ¤kin osa mun meriseikkailuja ja niitÃ¤ tulee aina mukaan veneelle. Nyt maailman tilanne on semmonen ettÃ¤ ei pÃ¤Ã¤se ulos merelle. Mutta eikÃ¶ hÃ¤tÃ¤ keinot keksi! JyvÃ¤shyvÃ¤ltÃ¤ on tullut uusi vadelma-lakritsi-maku joka on ihan jÃ¤Ã¤tÃ¤vÃ¤n hyvÃ¤! Keksi on tottakai kotimainen ja luonnollisin makuainein tehty! Joten anna mennÃ¤! TÃ¤llÃ¤ hetkellÃ¤ muutenkin haluan tukea suomalaisia yrityksiÃ¤ ja brÃ¤ndejÃ¤! #jyvÃ¤shyvÃ¤ #fazersuomi
joelharkimo	2020-04-04 15:40:26	https://www.instagram.com/p/B-kHcvRhwOZ	Kaupallinen yhteistyÃ¶: @woltapp . . TÃ¤nÃ¤Ã¤n on @woltapp pÃ¤ivÃ¤! Varsinkin nÃ¤inÃ¤ aikoina kun ei voi rafloissa kÃ¤ydÃ¤ on super tÃ¤rkeetÃ¤ tukea niitÃ¤. MeillÃ¤ safkaa tilataan aika usein mutta varsinkin nyt me yritetÃ¤Ã¤n tilata sitÃ¤kin useammin tukeaksemme meidÃ¤n lemppari ravintoloita, koska halutaan tilata sieltÃ¤ myÃ¶s tulevaisuudessa. Ulosmyynti on tÃ¤llÃ¤ hetkellÃ¤ ainoa tulonlÃ¤hde. . .  Mun lemppareita on @skifferrestaurant @lie_mi @santafehelsinki @hankosushi @finnjavel_finnishhautecuisine @farang_helsinki ! . . NÃ¤inÃ¤ aikoina on myÃ¶s mahtavaa ettÃ¤ saa tilattua ravintola ruokaa ilman ihmiskontaktia koska safkat jÃ¤tetÃ¤Ã¤n ovelle. Apissa voi myÃ¶s tipata lÃ¤hettejÃ¤ koska he tekevÃ¤t tosi tÃ¤rkeetÃ¤ duunia.  Uudet asiakkaat saa 6â‚¬ alennusta ekasta tilauksesta koodilla: JOELHARKIMO . . HyvÃ¤Ã¤ viikonloppua kaikille ja tilatkaa safkaa! #woltapp
joelharkimo	2020-03-10 15:30:57	https://www.instagram.com/p/B9jufbOBhrz	KÃ¤vin eilen kokeilemassa meidÃ¤n laivakokin sekÃ¤ hyvÃ¤n ystÃ¤vÃ¤n @aihinenkape uutta @thisisversion ravintolaa! Safka oli ihan todella hyvÃ¤Ã¤! Isot onnittelut sekÃ¤ @aihinenkape ja @ollikolu. Ootte ihan pÃ¤Ã¤llikÃ¶itÃ¤!
joelharkimo	2020-01-26 10:00:24	https://www.instagram.com/p/B7x1r3vB4JL	Kaupallinen yhteistyÃ¶: @kauniistikotimainen . Mun parempi puolisko rakastaa kukkia ja hÃ¤ntÃ¤ on aina kiva (ja aika helppo) ilahduttaa kukilla. Siks tÃ¤Ã¤ yhteistyÃ¶ oli mulle kun nenÃ¤ pÃ¤Ã¤hÃ¤n. . Tulppaani sesonki on nyt alkanut ja tarjolla on tosi paljon kotimaisia kukkia. MÃ¤ yritÃ¤n muutenkin elÃ¤mÃ¤ssÃ¤ suosia kotimaista osaamista ja laatua. On kyse sitten kukista, vaatetuksesta tai vaikka safkasta. Helpoiten sitÃ¤ tietÃ¤Ã¤ mitÃ¤ ostaa kun kÃ¤Ã¤ntyy ammattilaisen puoleen! . Jos Haluat seurata kotimaisten kukkien sesonkia ja saada idiksiÃ¤ (mua jeesaa ainakin tosi paljon) niin ota haltuun @kauniistikotimainen . #kauniistikotimainen #lÃ¤hikukka #asennemedia
joelharkimo	2019-10-07 15:00:24	https://www.instagram.com/p/B3UjyCrhfjW	Kaupallinen yhteistyÃ¶: @honestsuomi . . VÃ¤lillÃ¤ pitÃ¤Ã¤ rehellisesti itselle myÃ¶ntÃ¤Ã¤ kun tartte breikkiÃ¤. Nyt oli hyvÃ¤ aika lÃ¤hteÃ¤ pienelle hengÃ¤hdykselle. ItsensÃ¤ kuuntelu on todella tÃ¤rkeÃ¤Ã¤. Nyt oon tÃ¤ynnÃ¤ virtaa palata takasin duuniin. Italia kiittÃ¤Ã¤ ja kuittaa. Oli huikea reissu! ğŸ‡®ğŸ‡¹ . . @honestsuomi tÃ¤rkeintÃ¤ on rehellisyys, yksinkertaisuus sekÃ¤ vastuullisuus. Raaka-aineet ovat luonnonmukaisia ja korkeinta mahdollista laatua. LisÃ¤ksi fairtrade ğŸŒ± #honestluomu  #Honesttee  #Honestlemonade #luonnonmukaista  #rehellisestiminÃ¤
joelharkimo	2019-09-23 14:22:55	https://www.instagram.com/p/B2wcXRGhhpL	Kaupallinen yhteistyÃ¶: @honestsuomi  Rehellisyys on todella tÃ¤rkeÃ¤Ã¤. Ennen kaikkea rehellisyys itseÃ¤Ã¤n kohtaan. Ei voi hirveÃ¤sti kehittyÃ¤ elÃ¤mÃ¤ssÃ¤ jos ei osaa tunnistaa omia pelkojaan ja heikkouksiaan. Mulla on niitÃ¤ paljon ja niiden kanssa riittÃ¤Ã¤ duunia melkein joka pÃ¤ivÃ¤. YhtenÃ¤ esimerkkinÃ¤ kerron storyssa miten olen kÃ¤rsinyt esiintymispelosta.  @honestsuomi tÃ¤rkeintÃ¤ on rehellisyys, yksinkertaisuus, sekÃ¤ vastuullisuus. Raaka-aineet ovat luonnonmukaisia ja korkeinta mahdollista laatua. LisÃ¤ksi vielÃ¤ fairtrade.  #honestluomu  #Honesttee  #Honestlemonade  #luonnonmukaista  #rehellisestiminÃ¤
joelharkimo	2019-09-10 14:33:47	https://www.instagram.com/p/B2O_RcHBCrP	Kaupallinen yhteistyÃ¶ @htcollectioncom  Kun me muutettiin @jannihussi kanssa yhteen ja ruvettiin miettimÃ¤Ã¤n @millaalftan kanssa kÃ¤mpÃ¤n sisustusta oli selvÃ¤Ã¤ ettÃ¤ sohva on meille yksi tÃ¤rkeimmistÃ¤ huonekaluista. Sen on pakko olla mukava ja niin iso ettÃ¤ siinÃ¤ pystyy oikeesti kÃ¶llÃ¶tellÃ¤ ja kunnolla. MeillÃ¤ molemmilla on tosi hektinen arki niin kotiin tullesaan pitÃ¤Ã¤ pÃ¤Ã¤stÃ¤ ottamaan iisisti. Siksi pÃ¤Ã¤dyttiin HT Collectionin mittatilaus sohvaan joka varmasti kestÃ¤Ã¤. LisÃ¤ksi se on ekologinen valinta ei vaan siksi ettÃ¤ se kestÃ¤Ã¤ ikuisuuden vaan myÃ¶s siksi ettÃ¤ siihen on helppo vaihtaa pÃ¤Ã¤lliset. TÃ¤n lisÃ¤ks HT Collection on suomalainen perheyritys mikÃ¤ on tottakai aina vaan hyvÃ¤ asia.  Jos maailman pÃ¤Ã¤llikÃ¶immÃ¤t sohvat kiinnostelee lÃ¶ytyy HT Collectionin piste Habitare messuilta. Osasto: 7f128  Nyt postaus loppuu. Palaan sohvalle vaakaan. TsemppiÃ¤ kaikkien loppuviikkoon.  #HTCollection #kotimainen #sohva #perheyritys #interior #livingroom #olohuone